dist_cluster_0,dist_cluster_1,dist_cluster_2,dist_cluster_3,Cluster
0.2563621058745594,4.4344156926749445,2.4964370089501116,3.0962633008144773,0
2.366996586068003,2.1941755465651167,1.1181325592099616,1.1210061912236178,2
2.5455423656822913,1.688402020419905,0.29972597710681315,1.7871677518584441,2
0.7430077307701315,4.2175321130933945,2.267722788227691,3.2191017089854403,0
2.2018124049742087,2.5738559615045187,1.394500585863475,1.180894102819926,3
2.831972881637867,2.62308723945352,2.0176102290863436,0.3940281890961634,3
1.8848424884627701,2.924930106165773,1.348783223492793,2.2269068510431156,2
2.8862084272259394,1.7559945574139635,0.9943094942314472,2.0744650649630225,2
2.6460096121280405,2.54330142664977,1.8003526976086321,0.4026218355235883,3
0.46295849161379177,4.603947888721038,2.70906457970014,3.0633295155817137,0
2.8117417601571475,1.6331134623872299,0.6299299816360593,2.2782649009934617,2
1.08030832241396,4.878115016917287,2.9180115262385757,3.8422771661141613,0
2.3154107837870312,1.9224452235519667,0.4346801202380517,1.5170554290423903,2
1.2603482800981973,3.3408957506786896,1.6695624526971775,1.7876690970802722,0
1.9031500695762917,3.1083365355072394,1.3587055775910237,2.983924561403418,2
0.32328849179924884,4.288185750937018,2.406530854881865,2.7676022017710213,0
1.7492009368098862,2.585657872879224,0.9624381349139892,1.3840608968920223,2
1.4169038786189567,4.921874217442716,3.1696042266667237,3.2606199596609198,0
2.0057127489666184,2.4023638510544836,0.6573868259229084,2.0698765401380435,2
0.621502516450438,3.9248999509004543,1.9582313250763934,2.9503107797066983,0
3.81947685763837,0.5881874946291398,1.620048278809853,2.16944476706886,1
1.1851355727053394,3.896352348336818,2.136046316272487,2.6304269686166024,0
2.5546664708950617,3.567453222968469,2.526867145616854,1.9568727628421267,3
0.4692276417594032,3.90698276955586,2.0154847964862275,2.5301469870289948,0
0.9407709876056987,4.889601993339652,2.9921539637802823,3.4436556370549565,0
2.749420665511984,1.6654477550715505,0.840725181731947,1.7044877120324395,2
3.182088669603369,2.37340112259267,1.5263549953958,3.3907420747240895,2
2.3234814666452097,1.9104726882592293,0.3562875948548464,1.601666836658338,2
0.7810094356519329,4.213286281557382,2.3916645771156335,2.737840963971562,0
2.913683531894152,1.6852869473246812,0.9745848238865241,2.0971249231155564,2
2.505332702922754,2.1179409021656808,0.7489309475405711,2.3663286871853586,2
1.5177724321804513,5.63011219349095,3.7644214811845025,3.87770987377596,0
3.4369853274528426,2.0642997160969587,1.5613237301173026,3.337960922879639,2
1.7681341972553664,2.747546031560889,1.147758613444126,1.775663709941352,2
1.0211072400551693,4.1021778462435865,2.3516089449229556,2.514353111158897,0
4.143707761487999,2.9773527699676645,3.160297275070003,1.3891581561905155,3
1.440645508557284,3.9270245105900763,2.0336977778380922,3.4705170532565623,0
0.3482609736960123,4.423671097661141,2.486966695736649,3.1216430870240446,0
4.249120381669005,0.6677366842669117,2.1521076819679656,2.067153649250231,1
1.3142113553485781,3.6165716684583784,1.9125085765688663,2.321586438949718,0
2.6822840906559224,1.9139705551481176,1.2032321889527164,0.8559558801968457,3
2.423239453664389,2.2152884287269483,1.211143813599123,0.9885455198309523,3
1.8227230731074233,4.220911548214013,2.7696006635421475,2.24351361841809,0
0.6981345713287493,3.5713173390944384,1.6256542028206116,2.4875981990294957,0
1.2419350686325024,4.151159594951429,2.2226998266376574,3.5266829735544016,0
0.24575614048967204,4.181699668021452,2.2431596653665395,2.9195359073908937,0
1.039389113732556,4.665215040901829,2.9033398863699835,2.8150076024330604,0
0.5211070226027533,3.940648723477789,1.977243669329376,2.8969160403493577,0
0.8032699007567671,3.509546490253382,1.5644193478984514,2.4859887510540473,0
0.7245044532074715,4.131565655518905,2.1650538674289743,3.2069649017824866,0
1.1968273279340005,3.148404771896995,1.3918466185518121,1.7082479228380354,0
0.9912562427000776,3.9200644407970966,2.038288443463006,2.9499400819191037,0
4.6455813348101085,0.9010672714810141,2.4321620944306814,2.977615452931634,1
2.640229286361477,1.8690194997413756,1.0965487876058615,0.9128832708446784,3
1.3108655016046071,4.8225621190779275,2.881076108110021,3.956464591941642,0
0.5766089592484086,4.1830177031109095,2.216093604639885,3.1614793186639027,0
2.635447044547134,1.9527103247299316,0.955282464023291,1.8669471855789663,2
2.483931016889577,2.3011780589848994,1.3704559838710997,1.0248021591337577,3
3.2478739884775285,1.2794965365316664,1.0986571668165586,2.248850847426833,2
1.509519993835881,4.223481333196359,2.359875766337375,3.6378562230714557,0
2.996028729135454,1.816910539938761,1.492785094518239,0.6982218833029444,3
2.8649832822688825,1.4568039698039554,0.7434814437329412,1.78062159975555,2
2.1121711449127725,2.4893590567877895,0.7662929419836907,2.5171114676497686,2
1.0152974990168007,3.3585576931866905,1.5825887662681446,1.8650629506300678,0
1.0028275396987418,3.375581330414601,1.4730628464509001,2.365379829174714,0
2.8663495936759857,1.865073774070558,1.3712517890292526,0.927653597153044,3
1.9728502938115313,3.1226710980348726,1.805670475954572,1.467292148083575,3
0.9630239977324405,3.310835164778251,1.4699008268220193,1.9757188756835389,0
2.7847798931151297,3.0259300778006497,2.3131235435991964,0.63079591334728,3
2.4947592120329287,3.179538823149372,2.2529626186229006,0.8552848165846736,3
0.8695365272670604,4.049348061074041,2.231875429328822,2.6728677089024213,0
1.6812208977831,5.765337043320081,3.9126257448689836,3.979786513044834,0
1.0781280277659604,3.8521192239850155,1.9089097645754554,3.1677919690054632,0
1.1040247119597735,3.7953333001867335,1.85293164793306,3.142826010246479,0
5.012792416111296,1.481302112053913,2.996713169551961,2.7642567570037273,1
2.901998626296747,1.3715118254765535,0.7683757834543109,1.6665519054568516,2
2.0900029354547414,2.6212775405024353,1.3179653578321022,1.3582064704948182,2
2.86662176061301,1.6237312306219538,1.0422270506862303,1.4985658266393198,2
2.043803081729758,2.4182417255822486,0.7440824543498519,2.083541107296972,2
3.851544409040858,1.7857043620472568,2.2781439189028916,1.1481232287435243,3
1.1535003092239196,3.142865145720832,1.3091175799611763,1.9304870314679006,0
2.545908614809891,1.896246614082062,0.4836604737111335,2.2595976604810843,2
1.0142093207493545,4.734459010801314,2.946865432462405,2.975267545340114,0
0.8250642597456105,4.272274681888469,2.508282033506316,2.4813557804004613,0
2.754921862635147,2.353822116363779,1.1767531629168468,2.9627756774812615,2
3.0966998831848,1.4700485222449247,1.315762630053268,1.0209570511713206,3
2.528097682348961,1.7586052977561903,0.7088094729397024,1.2538261018006451,2
1.0862703337680186,4.190729965277029,2.424884832764472,2.7898828174034884,0
0.542909386270465,3.9045910378182365,1.9485050574532439,2.848881521733266,0
3.4531178680574053,3.1336093928227884,2.818194048465698,0.9561294361790433,3
4.0830621992248295,0.87784832395778,1.9476603911889068,2.4588181176825494,1
1.0624871590331368,4.782049682164908,2.9107568704198328,3.4019622770452296,0
2.760047859118407,2.24436267347791,1.638719769863954,0.3333900147755854,3
4.179163942980212,0.44476221897431184,1.9070326393244548,2.6616667613550966,1
1.626721519413832,3.7590593614171746,2.2436700099974467,2.132656199213592,0
0.5309856659953763,4.2680710843162375,2.4159780247094695,2.695182928652055,0
1.6884526225605567,3.6989284731694947,1.9981665606373487,2.9775300544358876,0
0.24563122690935985,4.362737092151449,2.4404919907776152,2.9695554765754406,0
0.9087439822019893,3.6349401018923135,1.6771504335743657,2.801692033815594,0
0.8895683270756961,4.464712238035253,2.502220239573413,3.5325117966251613,0
5.000065990599665,1.0522619629214671,2.8471454753394165,2.886516748793125,1
1.794275308490003,3.212748658033662,1.851875454669756,1.2529401650978003,3
3.217631642842555,1.7902992287915591,1.6707777503343666,1.0212726544320496,3
3.421860087814519,1.221989727744953,1.3008390965605665,2.2829599228998867,1
1.1001699791398878,5.060764661275261,3.221832211826109,3.3237122477212337,0
1.3118054570788273,4.910719168703671,3.0614925019937655,3.618970978072521,0
2.4366643745473633,3.208598094054496,1.7339849157891396,3.447260051305693,2
1.208121339673148,4.695592450337016,2.8691459847852094,3.3750973673040545,0
0.9533930682164147,3.473020324878047,1.5513490731136415,2.4991016308621976,0
1.8038255188905197,2.597855570548306,0.8075461407712916,2.0461731217850962,2
2.6982118011837004,1.6534993117210368,0.6130493183785213,1.8603908696670932,2
2.1922726326459823,2.123890702645498,0.547419657410056,1.729927062083754,2
3.6222932330146387,1.5327226773840437,1.9277686743903575,1.1559922308431767,3
1.5643644122044296,3.0498766285837187,1.3023448135367248,2.263465108351339,2
1.120280787243399,3.342436815605271,1.5935224824241476,1.8927101625604357,0
0.5501789776663484,4.370328823047398,2.488098504786026,2.928420439751973,0
3.767106039362135,0.6790063629702934,1.4951933324595847,2.4286724222863025,1
5.00776193430432,1.0196249785463645,2.836465033759682,2.913675241132908,1
2.739319434187769,3.4070074025827144,2.569265532171469,1.3057382911881175,3
2.609432237734053,2.3015676722440395,1.5005351280206345,1.021354706072127,3
0.9868336796791268,3.495191144229588,1.7099471415985008,2.07858740556098,0
3.402105004211768,1.2930860577525578,1.2989053805132011,2.3639013050169395,1
5.954540904797964,2.8407282358224055,4.231761816159548,3.1622963190710016,1
0.6164590665112106,4.626159652017718,2.7230089067880314,3.193445825784235,0
1.6997812938671881,2.5884328027267225,0.694620711485237,1.9664250090785342,2
1.8127882578282593,5.1075697855185505,3.498682266497855,2.962786518728761,0
1.4027177681224212,3.015659960228874,1.3388278363927089,1.5444366588168954,2
1.6544927366967555,2.676702265918517,0.8335660295604165,1.9498548234369508,2
3.0144914077486935,2.097983081511876,1.4897243996554175,2.121519096790234,2
0.8080424097996377,4.8301082328730915,2.865656415002077,3.6514657504702943,0
4.413824826786877,0.8763353364645284,2.3193214818901384,2.3309620448628685,1
0.23005319692240028,4.261992707869442,2.3318516263429947,2.929233316970526,0
0.755799503776252,4.789035696486807,2.88347072603904,3.34878820386983,0
2.078107342005645,2.3563597869550343,0.7199709583337314,1.997318591519243,2
0.7869430019606266,4.996404707052422,3.063831266466641,3.543731219240996,0
4.1264685769628136,1.0835275442135144,1.8783925226420388,3.124412831851386,1
3.476515962537903,1.8928282734360924,2.0158201374284497,0.8708280166270982,3
1.7761883294179353,5.868636130820567,4.014244502227249,4.0653097085242464,0
3.3851644813761057,3.280825773262754,2.8710227952625265,1.114639302787356,3
1.2992939320083283,5.495219458955018,3.5498994436126305,4.064642708626931,0
4.249120381669005,0.6677366842669117,2.1521076819679656,2.067153649250231,1
0.6817712481931881,4.500806328803082,2.539785794475876,3.3977680616726533,0
1.3553574661864307,4.391789630055815,2.470986462004807,3.765133926856991,0
1.0597351356798372,3.719673282620747,1.834389041458731,2.7887429126415464,0
3.8523194545206882,1.4564305660906638,2.1068790803133424,1.300993911285325,3
0.6848032659625107,3.975341945777007,2.177263772134017,2.327511079502764,0
2.99506744718261,1.7006361071934504,1.3611121153216346,1.0753635857207826,3
3.31292227980439,2.3097546629207635,1.8358639663766816,2.6483937266731505,2
2.683030523411977,3.1919964174082716,2.347834230783551,1.3111126704486253,3
2.484807580681376,1.9686694185854618,0.9668808429187143,1.1012473067404105,2
3.3315833286047805,2.0709557392942997,1.5208158913466476,3.146252109106231,2
2.9984904707399966,1.8244460485850165,1.1004816937501587,2.479284477679775,2
3.314048044571832,2.947847639301616,2.5853862261807983,1.0820487292595116,3
3.9667414245961075,1.103911263565752,2.0164385708648394,1.8224589607203674,1
2.3229229691385997,2.455444710927202,1.0787118547394219,2.2722873483252393,2
2.8847923895458156,1.8666665241888207,1.3796130505207596,0.9788641610289779,3
4.107952526263292,3.081111401799913,3.199084462168031,1.3978725301840818,3
3.4303059943488203,3.230892721242397,2.8504517892107426,1.3138539501518844,3
0.8503060371165208,4.159397448379032,2.1986604214994645,3.297024442464002,0
2.9007390218943807,2.7379136058517233,2.111134724169674,1.2175223606310914,3
0.3204615461546298,4.21878492651336,2.325782081689563,2.7709622667845095,0
1.7901967860129142,2.8042393844652582,1.3077003810762649,1.5758277127435016,2
0.7354268423216103,4.387309494449655,2.4213170371510526,3.398332346203058,0
0.36258446731775706,4.276326177284413,2.369872121022901,2.870335637873996,0
1.2505818006613272,3.2164395925409255,1.285737356325964,2.5096327085505354,0
1.2605343884516444,5.460618340955551,3.538744193507664,3.918944354287994,0
1.478537541723256,4.305353084535467,2.466484830121216,3.5581691212701982,0
3.134512335972716,2.3811642367083947,2.0453842812097056,0.6794631579260592,3
0.9831133107000799,3.8501464501680798,1.9674113286526869,2.8607755575598355,0
0.5850424125944367,3.973060383304612,2.0392952964936852,2.844191617086571,0
2.8675970504181865,1.7388731071494772,0.7703298113079498,2.4759424756462094,2
2.650733933635414,1.6927181381253984,0.864731023181522,1.1352558157748627,2
3.814566727182503,2.5224841674147127,2.1280422107443338,3.872472896124653,2
1.6816906436020709,3.439210105165487,1.60077727078764,3.2012834615901387,2
0.4459274445671524,4.199668676448393,2.280959795230727,2.913017322517333,0
0.8916918486114721,4.916640710925414,2.9583162989908507,3.7138484217157397,0
2.116115621944161,2.1754685384337016,0.22545659201651058,2.0259554807136597,2
4.13748849906489,0.7414851427598349,1.8532603819531481,2.8921028019104673,1
1.018241007812128,3.380881179870653,1.4344309108118312,2.5189987002881757,0
1.656048921218611,5.7193808147264615,3.7597223910684385,4.476999233165318,0
2.970540048931275,1.7137238751150696,0.8980901174421709,2.540255955180398,2
2.1834558391329244,2.5733127949253713,1.0751870957763265,2.4147416528253784,2
3.16191793491663,1.101485498062627,1.0453137154463603,1.5609541959076882,2
0.6489807107277753,3.952026318926626,2.102648193034122,2.5403402310375696,0
5.010461059662338,1.444757274871435,2.958827941967954,2.8819900146232906,1
1.3475942000101597,4.435581205835771,2.51642815749634,3.762825260417276,0
2.181943275911959,2.520370550863334,1.3762413521040293,0.7588137104620242,3
3.101483464597057,1.2801605089350367,1.1264564019290735,1.3902250111161591,2
3.947291722745811,0.6133536013659535,1.740911843934592,2.348909144385186,1
3.3149315995069517,4.335107409519357,3.54122218688444,2.038401175667913,3
1.8110251914334188,5.1654089376351875,3.515636320677967,3.2000255508783773,0
0.9152037174752194,4.989179523504707,3.0247132076538783,3.7734074735060155,0
1.3223348118507077,2.901657760659674,1.0284126254515498,1.8576566648622503,2
1.3187344349421712,5.4662083204482075,3.544504282209857,3.9605699807755292,0
0.6035277327248065,4.734435461161971,2.8058264698059086,3.3424858621109568,0
0.9865347621217833,4.3264875068382125,2.377362643115546,3.488801158831082,0
1.8944040653024168,2.6679017130359117,0.9589777551421999,2.2448656149565664,2
1.2971389048240145,3.4122859529972396,1.7866175040576258,1.6743540467755293,0
1.6683890898799312,2.5768624482356257,0.813603031546344,1.5638654233888563,2
0.80942896171046,4.923051532246397,2.962780645577626,3.665248624543869,0
3.7061585318982977,2.7149159553549356,2.7056155908440287,0.9973722524439308,3
3.734296060739261,0.9551181590854907,1.7065810127596557,1.8194604766517044,1
1.2684868365557673,4.727991751392394,3.029356103534933,2.7567397402174234,0
2.039489414919802,3.7248863467566826,2.4724553004557537,1.459175930515106,3
1.2477289686178703,4.044294582994239,2.1199104937278195,3.4434492673946595,0
0.20067080828343462,4.29948511222875,2.3915352563956254,2.8629487836095806,0
3.3642802007213413,1.9742091766553682,1.7344166283456084,2.227351254181742,2
3.2305038400367603,1.6647310915240987,1.1562358159726958,2.806405871535037,2
1.7203824086778836,3.3178009492177676,1.9276341598011186,1.2765576659246263,3
3.224880397473782,1.9506530386876149,1.8050942382010353,0.9958339165145169,3
1.1157633368590003,3.6721507641732694,1.739837562147003,2.9730403494661948,0
2.460538153049393,1.770717714996802,0.4162123506391004,1.5933286214622655,2
2.8659066260136754,1.9986803591078617,1.477237971102933,1.0277883586731613,3
3.576577696892118,3.0903968784394364,2.7969909247115825,1.876897851626997,3
4.470629065687599,3.450133594279952,3.6162097093438836,2.0739528020936038,3
1.766769163905211,3.3370847981685836,1.9484936230236796,1.4375690041942626,3
3.4391339549812296,2.3192289727829913,2.180235649246807,1.5270514347052968,3
5.567382273437688,1.5315619744168567,3.3035665727119454,3.875038988412751,1
2.9621495415587127,1.7106956063980792,0.8707370633338924,2.5573702181157487,2
0.5211452170250568,4.434032051164984,2.485480313656862,3.237263107967679,0
4.109591720372001,0.819148949768069,1.96183402858073,2.389166577777285,1
0.8303465031209051,4.9584589952466285,3.01066385407055,3.624966617389953,0
2.712121302028117,1.6591789356414186,0.6798810291709867,1.8245965972764508,2
4.179278073654006,3.993009650002151,3.7451153192746136,2.428697126580395,3
0.8033778904376498,4.576887785345149,2.6638202512393145,3.3156103517565003,0
1.1245218480568149,4.594378054022442,2.847002900289927,2.842054091743534,0
0.6520726760264315,4.536040483481433,2.655177009787146,3.0649141088877028,0
1.7826662469003123,2.4770967356684483,0.7584865706295434,1.5212787160969419,2
1.1732738111414915,5.047725207797692,3.2487514148558705,3.1966283632140033,0
0.7132094218419223,3.54808094592623,1.6557315830636676,2.267633734741137,0
4.768210506198595,3.5569661403837047,3.8560442941173783,2.1676627994273576,3
0.36403155805023907,4.039642711802756,2.1603067327710237,2.575760176270595,0
3.6605838381233244,1.2614399723659109,1.489291810355639,2.7366827130433253,1
0.46822888932516493,3.932502567792613,2.060253021412455,2.480899368420882,0
0.21987282745988945,4.27447466932498,2.355122383480783,2.8979428293667833,0
1.954845390431863,2.569257213087851,0.7585678809022208,2.388244585470942,2
1.4794017872450445,5.353008151152155,3.563417957372792,3.474773318284402,0
3.0884235160682625,3.5379093155608157,2.8813756970764866,1.1313170828803352,3
1.6633703840334808,2.709016061666519,0.8933937697302552,2.0210280062826818,2
0.5798368367663207,4.29379852887492,2.464566181721612,2.633521230705653,0
2.6163251271937487,1.7507278639324775,0.6900916927402304,1.742057310808929,2
1.367204512968323,5.492488335655437,3.531641606589611,4.197227691186118,0
0.5672005165720352,4.58182294272557,2.619429320171486,3.39936375813957,0
2.1800773340983644,3.6213988056055078,2.454843539543901,1.2862218503720362,3
3.0285143876536824,1.8909251102597684,1.0526005414263295,2.837424658843732,2
3.133386078851385,1.9001612320777517,1.5988162967669508,1.5527013156674143,3
3.062138918488242,2.38376509234606,1.9981047629454713,0.6469802382556654,3
1.5157219506154052,4.567832423318534,2.973277435908667,2.4827467286486375,0
3.512967151641046,1.3388684104524535,1.6335265004274415,1.645607126069287,1
1.4295029241203796,2.9350094074681436,1.2397924857261713,1.5296978144139863,2
0.501263055587978,4.6908983235373425,2.7510280286986055,3.3238506195159334,0
3.6211569869166556,1.6075027139838598,1.6979079030052628,2.5486005695112355,1
3.22242574788191,1.1699563121144003,1.2112551117143877,1.4200874680507545,1
0.7722708201145804,3.506548124605775,1.5533101571872905,2.485957650361481,0
1.1276837251615137,4.990318696388267,3.1685277571255623,3.2903439594135606,0
1.6249357407537601,2.765630598363234,0.8355987131382713,2.3149082182654386,2
2.8690511955039484,1.9114907591091013,1.1826955633062195,1.999642444935441,2
3.2804166925499034,1.5171696593343686,1.134318347323117,2.713925201526034,2
0.3417052016022117,4.332037319028354,2.42004526243243,2.9304594821390855,0
5.666919123138939,1.9435628110611485,3.6280990755751805,3.303576164844634,1
2.1387975993337087,2.981136025145204,1.6942221757275893,1.998803415869081,2
4.9234925575834785,1.4116728885703471,2.7151282098232183,3.569484812666536,1
1.502580646233733,5.479211534187614,3.655383001110059,3.6723756011981816,0
0.1274571950732187,4.264212670431623,2.3300778087538716,2.9395748084002853,0
1.710020396065047,2.5900864398373225,0.8565838648429636,1.6206711748239218,2
0.8806652004002684,3.5752928106342394,1.6081057482680943,2.733462605812462,0
0.7242249477097533,4.87728586147521,2.9297075210252945,3.533650206005004,0
2.0981079364002952,2.163588044114022,0.6299502126016375,1.3503830447082497,2
3.047876318887214,1.8570209999437175,1.3286033948317941,2.111650339086967,2
2.7775225782177966,1.4506531480915985,0.5955923841665712,1.678504697086802,2
3.0597023677374464,1.7852488780792446,1.2911069507290571,1.986722799952857,2
2.555911151137155,3.387971148489674,2.446848638137302,1.3116791827494125,3
3.139932834360662,1.2342632803876838,0.8621886837245929,2.2307485042118005,2
5.094317745606334,1.033552767531807,2.927561411673904,2.88234049534637,1
1.4231767586925093,5.62471677966677,3.6803708841781737,4.173333757992129,0
1.0774771201955273,3.463165447758561,1.733510168433875,1.8901803504756087,0
1.6479910226573504,3.086948605433906,1.5566391149253092,1.6484262706138517,2
1.2270534580890322,4.562115096332218,2.6659801585061205,3.6534569834147943,0
5.553256666644705,1.53643305830565,3.3792665038712046,3.4404093294456364,1
0.8147978857740703,3.558329138631413,1.6111985374662259,2.578502178086896,0
2.1192164710549495,3.9167594345552583,2.5715081917069993,2.431612870580285,0
2.4687286273813314,2.3429813391535315,1.4474706332388056,0.6427312108346459,3
0.9858248180945332,3.4653861386779905,1.6365362342740684,2.215607985109502,0
2.4868722771181813,1.8899200974130492,0.8807695732284628,1.0992678226337955,2
3.0419664126655594,2.0144885180514596,1.406625106762344,2.36841456078115,2
0.5211070226027533,3.940648723477789,1.977243669329376,2.8969160403493577,0
2.73709827533145,2.3204418857658053,1.098807994598636,2.9949002410193355,2
0.5402690974785499,3.937876554571295,2.0911017544339363,2.420600578622639,0
4.249120381669005,0.6677366842669117,2.1521076819679656,2.067153649250231,1
3.346545868323138,1.0312225188204152,1.107129041575926,2.184787253197514,1
2.7027727566669006,1.970970982206696,1.2231506589719943,1.3141001945182955,2
0.6904458065061977,4.85626229771785,2.930403605338014,3.405361442765853,0
3.352740275548359,2.1458124792385798,2.0310410763404825,1.3366713073363425,3
3.9709111379721476,2.8713716403602785,2.9231821448220323,1.9467967384287654,3
1.61629289409089,5.63007841882317,3.776501790133624,3.920947462823847,0
0.8671024122616241,3.3705227685863997,1.4349510758962385,2.306206479099476,0
2.294227212384827,2.0748908852743306,0.44620004114509665,2.033195281078212,2
0.7526012572992888,4.475947475481005,2.588088597226664,3.109994563036711,0
1.1494383217766675,3.1889460373119087,1.278547083037712,2.2890609229813714,0
0.8503060371165208,4.159397448379032,2.1986604214994645,3.297024442464002,0
3.1674517878470567,3.2187492256554617,2.691432091869482,1.0020648827486995,3
2.749420665511984,1.6654477550715505,0.840725181731947,1.7044877120324395,2
1.7496461830094854,4.346492544972223,2.500885098970596,3.939783770051716,0
3.0740103386588253,1.5432356027902285,0.8923366099285531,2.549913479531044,2
1.9424540936318728,2.6656288490114144,1.3311021477008442,0.9777592140254483,3
3.67868486024087,2.131820368386918,2.199974340768483,1.9737581192436129,3
0.9178189697506323,4.521216426723173,2.753996828710252,2.691027045697442,0
2.776046870929541,2.267181648148914,1.6165502545360078,0.9676776237765524,3
0.7854602457762074,4.674029904528405,2.83996195687836,2.9821279231349367,0
3.1423302632381853,2.9488202162275288,2.45858177647774,1.1184087578666944,3
2.613598636782302,2.7801956573582163,1.942343671619274,1.2002052200431803,3
1.1432809169922238,4.544616657718347,2.7719443157054617,2.9791812955573302,0
1.468420751754884,3.8470223908502423,2.1766235179467595,2.6663970071336762,0
1.5938268213801028,5.785877867547562,3.873568857044265,4.162699250946426,0
2.649899140299006,1.8739616405750383,0.599160745979616,2.373866330353301,2
2.535887327433455,3.0094898164111146,1.5752208027341714,3.399801487345199,2
0.4836070544318996,4.184721475806166,2.2968627561385855,2.815530020296271,0
1.2755890382305566,3.8783601323329795,2.282248077358795,1.912596250044263,0
2.964643918459341,1.3417667362653525,0.8297806243249095,1.7407606649693312,2
1.3900565679090344,2.9600032708304305,1.232047314704264,1.6411393376188865,2
1.7769755303168955,3.392537026184279,1.5829101166903863,3.230543087907003,2
3.574816617910463,2.1514490947382257,2.2490773482766078,0.9909345619197399,3
3.815764189859318,1.2312944275802673,1.915049822197478,1.7303818258964703,1
3.8972347850815634,2.8789791042904467,2.901283422056807,1.6340663425581923,3
1.6840266142874243,3.026783089172304,1.500823980835164,1.6892778447086705,2
2.6251082446194034,2.816120094467012,2.032345816475266,0.4220920142282547,3
3.260263933900734,1.2925111825832163,1.043686943221763,2.429884367348229,2
1.0850396910692341,4.022389803076836,2.0851438345503284,3.317351248577699,0
2.574537903542834,2.109448765786164,1.1037772451199248,1.7453639654816848,2
3.0557285276628283,1.6010522352868806,1.1713997039042385,1.8995137708840948,2
2.5872481482827445,2.9652300056180603,2.0940451572805423,1.0152941632657484,3
3.520257481777689,1.7335461733889614,1.5524523772675467,2.9364633787582317,2
1.0134330534895093,3.451250731354699,1.614752824973532,2.224094473051443,0
4.139654267198596,0.3277825105061995,1.9030011427157925,2.435462326108787,1
2.6507556725794323,2.22014443063359,1.489698830872054,0.6371885431088288,3
0.5861479651254232,4.534312771310112,2.5963666270706516,3.2653858173194337,0
3.0740103386588253,1.5432356027902285,0.8923366099285531,2.549913479531044,2
3.1213034302344678,3.348979177261726,2.7648466807119143,0.9865956842675709,3
0.2958830691814182,4.255302650165425,2.301228588391007,3.0467654942170674,0
1.371160764602382,4.12550220593956,2.5412430679001643,2.121664388211073,0
2.8629989051062625,2.01091480324419,1.4521877310659215,1.1282170565408294,3
2.2379672264216084,2.2156813056718114,0.5071278298691523,2.2775449817316904,2
2.861055704706798,1.581517810542344,0.63357570933275,2.3111522620138985,2
0.8837958826339375,3.548110568965374,1.7087145481432593,2.236368513552267,0
1.1839076007966214,4.49298273808264,2.6101987098686537,3.4834526768499434,0
4.024411064952618,1.1746053978724973,1.8180702651846699,3.0539795158105005,1
2.608415846548138,2.528473531473399,1.695551554387205,1.1384264249870277,3
2.029993471422505,2.722313769378033,1.0345688594314948,2.6095318858759953,2
2.2065170480648204,3.075478888128254,1.9828852956922127,0.8239306534832471,3
1.7624625999933186,3.8389722046796204,2.3991348564687214,2.0162832164220426,0
2.0531164575009098,2.2844920627595924,0.7493068929324009,1.532081573914048,2
6.062349515802102,2.1549597762113875,3.926871273991863,3.946863572149151,1
2.0500528228908537,2.7781285427520466,1.0496514676794586,2.834176531649138,2
0.9958236691304634,4.257321576315735,2.5117412602477134,2.5409218918047913,0
1.369509559172355,3.012380019691069,1.3180788720282517,1.5555727769076657,2
0.9140482748626121,4.4297059101544,2.4675721413070213,3.5334098796336715,0
1.491347519469991,5.047643767051555,3.3144278676333023,3.2403459965441366,0
3.275099589190872,3.0122108883101526,2.5671090245083708,1.4792188787463345,3
1.258658501003212,3.944628753076241,2.0296818460502943,3.3468410486085984,0
0.5211070226027533,3.940648723477789,1.977243669329376,2.8969160403493577,0
0.7207741072322535,4.010582957002183,2.067957218519045,2.9944018307421314,0
1.083206750369796,4.419931235492078,2.702245937557506,2.597658741182839,0
2.3001471238445292,2.7607437777941324,1.7408584630665602,0.6239317588662795,3
1.8218235914493313,2.5880709176027388,0.6592755519512595,2.336118727978788,2
1.4039810203587633,3.821267889072306,1.9321274518712706,3.3461054606211107,0
0.4876660147148333,4.003102407617111,2.0514901909274843,2.902965784917021,0
0.31274761621824937,4.2119589658282175,2.332215411740987,2.698893857915344,0
1.714729526471352,2.5864460903332183,0.8590513755995687,1.6063019759122135,2
0.7221372118259454,3.788363096663626,1.9831424135552078,2.229095049016688,0
0.5739524302170483,4.415331543866619,2.5449992318714454,2.893264560476452,0
3.431291892884256,1.9337692604589052,1.4974242982007677,3.1842441673984063,2
0.43412676912478937,3.796893802598148,1.8850484247673889,2.485171877005821,0
3.1007268896137,1.5272581470895887,1.3674272050799845,0.9874921413637868,3
2.8885860762082705,1.8521326189654261,0.8791872764807604,2.6619261838868855,2
0.7001366822708317,4.263142372818525,2.3139406493734063,3.214851976315788,0
0.9201509146403468,4.457597182975764,2.509292860380028,3.48616470064207,0
0.5807193167895129,4.272859558352302,2.312707053747053,3.2045327000268604,0
2.251982734120769,3.5160933616882075,2.3396206775899486,1.8034462959661433,3
2.074580799541036,2.1975311475042134,0.49844927011806384,1.7068953311397401,2
3.4643694292237144,1.5653198643601542,1.6475584005689174,1.8913035617531606,1
3.4251960506069627,3.2042994898209267,2.833070312131355,1.1184943592971242,3
2.110367203616625,2.1459791259174614,0.3372236318363371,1.7860079265098276,2
1.6122243705764594,4.313329630498497,2.793975378890857,2.2347886270544945,0
3.6082093199907175,4.040854876533943,3.516026156337108,1.712214178048711,3
4.249120381669005,0.6677366842669117,2.1521076819679656,2.067153649250231,1
3.0194307097773394,1.2467119225698946,0.8395953440650615,1.7717901007443526,2
4.312601473037418,1.4002068423232137,2.3944813046665447,2.260238252462747,1
2.749420665511984,1.6654477550715505,0.840725181731947,1.7044877120324395,2
1.6098613022276718,2.6411006895164792,0.7099247805521763,1.960900333830562,2
0.5276756832349907,4.355774042191456,2.392774734250947,3.2395401130174277,0
2.7305368177330176,2.255098586490518,1.3784060191795873,1.9463306018307935,2
2.773969450171573,1.931915149260773,1.2889313701964813,1.1032305293579627,3
0.8128456218244141,3.7108009780729465,1.9040933319216866,2.2146223051535854,0
3.634188140519801,1.867073248786981,2.0795447665798816,1.4797075309475325,3
1.6420400554073111,4.197813792902685,2.608504176749297,2.6343584258743853,0
0.8114870939143967,3.4162102461038195,1.517970290085019,2.1913500669707853,0
0.8487256232930221,3.4606390781659866,1.5203567704449386,2.438840485336038,0
2.7654004940623107,2.4457024128853764,1.3841044219090755,2.7579762316815364,2
3.0880069023852186,2.5998113243151644,2.166038456535917,0.8132674483997163,3
3.891979694059719,1.352395615681765,2.0726124966069923,1.5109403610802996,1
0.9724088102956726,4.2923806832479485,2.3452963255385764,3.443250904123953,0
2.9263341166694667,2.8857584408184334,2.273033981821025,0.9157145974114742,3
0.8911790690768026,4.670177568755182,2.730910138738715,3.5443402046380785,0
2.8101756073596555,1.6582725710253734,1.0888990296814771,1.0299807026647614,3
1.190588606165914,3.5167824778168346,1.6025745784529855,2.823482593082465,0
3.061903540928907,1.531514303480548,1.0222132515464373,2.156196555717444,2
2.1914349481008255,3.727392914699973,2.5194610746072335,1.6733309904680724,3
1.3685872862684274,4.974715559987421,3.23384612757271,3.1339017069218174,0
0.6774207453549642,4.581413889426089,2.6733105501373133,3.240340968780711,0
3.9814305633345284,1.4180321448436293,2.192374058325394,1.489398697925538,1
1.1562204266817864,5.356027267028376,3.440987318348262,3.7848726162652198,0
4.0830621992248295,0.87784832395778,1.9476603911889068,2.4588181176825494,1
3.528877148950443,1.4938402364253467,1.7407806918285107,1.5560623649668743,1
0.8397362861943812,4.954333450902661,3.0762668568411984,3.302871420450905,0
0.3225452656426991,4.056947872454491,2.1746182813199875,2.586838856644418,0
0.637069065273292,3.9450689630377953,1.9786784549848135,2.974757102304739,0
2.106602579637404,2.514455197703327,1.2940237945661575,0.8337733580008485,3
2.4033845067542434,2.5483420823635528,1.5955889990517769,0.6974831970016204,3
1.4799886831402154,2.9118235895324,0.9656928866725916,2.3662561042828596,2
0.7594525702253485,3.8368636474648605,2.022615143534103,2.3189856326901905,0
1.469752008707496,5.56708991163532,3.701481377914347,3.849586203092358,0
4.131537669663265,1.5904290643661076,2.0089726171113482,3.4326680864946115,1
5.766529713713551,3.6408203707623668,4.001910166739537,5.6437795987166455,1
2.1775860628600263,2.5996787601744105,1.308476854165577,1.6433274143790149,2
3.333850745990866,0.8963949010763129,1.1417060236796113,1.775498496536665,1
1.3343359307765106,3.2148716814464806,1.5560665765181712,1.6540984297616619,0
0.5698769831308991,4.111693183442064,2.2426043122633486,2.712244396153158,0
2.0052725570749574,5.012335833221523,3.4938142788235624,2.7970153053911977,0
5.256262862689092,1.62524962663724,3.213084045064294,2.995924415788369,1
6.764588531834533,5.928780142913895,6.234634103825103,4.536288568497242,3
2.4305341735757695,1.9055288708241849,0.2458182811773118,2.0931637770492317,2
4.128459279928344,1.0146722766739196,2.0710914652255084,2.2261495577912016,1
1.6193864898529018,3.097899157558876,1.6191044822447493,1.2886907347447896,3
0.363404749274005,4.477944642735135,2.5401718785460496,3.1460104343515902,0
2.703521144335605,1.706628865466375,0.4912162926250418,2.2501841643813156,2
2.995504729954609,2.417034400884141,1.411029800527495,3.255569547287235,2
3.0464138772048353,1.8018950631073063,1.1594797292449281,2.45770544291933,2
1.4475746354872496,3.0814464694997006,1.4387044301199883,1.6771815612054226,2
2.0272946582514395,5.0401526653325455,3.5226122131455355,2.8217419405925095,0
3.275221500961222,1.681605605816739,1.682996318848885,0.8326322332416984,3
1.6142717683472243,2.831996363744824,1.1942175622131528,1.5997009749176356,2
4.528418761396701,3.460969504574951,3.612541732352089,2.3897098645689163,3
5.122794587589303,0.9389112689655702,2.8458289178875535,3.327926446026006,1
2.681776832607202,2.7940482522736714,1.940447359735611,1.5725056254135372,3
0.3882030448519639,4.307758116350589,2.4382639733301037,2.7454376734561725,0
3.6798264842721404,0.7807950141795024,1.4313582527091042,2.3775519422501183,1
3.245704901905744,1.2604726693271362,1.0747279359901964,2.2269644513303652,2
1.5797583293613893,5.389677043544662,3.4384139225576624,4.351436901469774,0
5.97074113346408,1.931328947705078,3.8329758177100737,3.5923735975213797,1
2.903883719558607,2.5330268755766236,1.9845761179449708,0.7616520877147587,3
3.5334099989015977,1.452422214449228,1.7885579082849095,1.1673294268378573,3
1.082989350369945,4.056558690654756,2.1118579484297215,3.3597834761634813,0
3.2247509076274015,1.582586974670052,1.4687386300122296,1.4656461100216986,3
2.4840320924081363,2.394685928857145,1.4704090146504445,0.9717632897152536,3
0.910082375520316,3.903121091612876,2.1756544044260933,2.1380502215034567,0
1.2708892636250293,4.199234338661802,2.550469851364823,2.3995488736853154,0
0.9057310721234899,4.031217320847466,2.290999025380265,2.2788837618157114,0
4.204930176826359,0.6297517048912734,2.0855038181320475,2.1218105768987603,1
1.4619698703359665,5.659396214702952,3.7263543269085186,4.1408091714359685,0
3.0740103386588253,1.5432356027902285,0.8923366099285531,2.549913479531044,2
2.7155203585504304,2.1606407050824212,1.484839035395208,0.8473471663565916,3
2.433519489730595,2.23953852464784,0.733139601245807,2.5994697733779533,2
1.8775398104887535,5.591514219022654,3.643691509153266,4.675248520870678,0
3.631991985489397,2.3174390192867445,2.4149941635399514,0.7803163882513647,3
0.5951565905557896,4.34904689385432,2.4949910319022206,2.783894302114512,0
2.62333554421517,2.9478973023038777,2.1239000314704484,0.8771761439990895,3
1.1729668922015661,4.1425705766193675,2.444773355717628,2.4310836882752405,0
0.9123266216466932,4.227366854023636,2.285671710771572,3.3104084730577825,0
7.55577198500374,6.122382794834652,6.734973140703467,5.1803962289309045,3
2.8113611399456424,1.6511857111244608,0.8353281246153851,1.9539528603149439,2
1.8335938553465054,2.4491814538066676,0.8138585897788927,1.3717744590901684,2
1.2100696432167368,3.638698573845242,2.0146115426860223,1.7672829992328687,0
5.015337325744031,1.0456494816784927,2.8590132502621275,2.862309107067926,1
3.976737494839389,4.054658566743303,3.684446508402675,2.307155157827589,3
3.1709261375369207,2.003898024455924,1.8144293498213406,0.6427390699460774,3
1.3117946777381837,3.0670216650354964,1.32744753398127,1.7305923308639735,0
2.671219036195399,2.258376056940573,1.4926305920224023,1.091693308874319,3
1.7138734761757506,3.733593698716699,2.311145737702283,1.7836470133246052,0
1.6249357407537601,2.765630598363234,0.8355987131382713,2.3149082182654386,2
0.44285427321072063,4.24197776090136,2.383841551798073,2.679560403900587,0
0.5863603801337902,4.6369373569544114,2.768855836047335,3.0054463135605967,0
3.177861368832113,2.4162433486637025,2.07282906886767,1.1550420108422035,3
2.6611079676578537,2.5685772679100927,1.5577353122052076,2.3248675895827993,2
2.65769137979467,2.6237722492744395,1.8749740127510184,0.5250047402595616,3
0.8044742620530786,4.767364091308103,2.8080532753132106,3.595605885742921,0
4.40379461600636,1.1963159615220222,2.1889165028831306,3.302790394437314,1
0.42782504177135877,4.199394840434542,2.3383817767514956,2.6356453464698464,0
0.9693620707640829,3.2848805924854156,1.3530735708713597,2.2565712399423656,0
4.757663226247006,4.752186251317085,4.5587760278403975,2.687265609627838,3
3.7181576262214207,1.5728416705628117,1.6375750956690036,3.0751675774731986,1
2.351301996678857,2.643267360633816,1.5770124327661004,1.3761081909755601,3
0.45551886634566974,3.9119140439840514,2.024254706462434,2.528631656160616,0
2.999899193648486,2.495711656405495,1.998676658295372,1.1362522990398967,3
2.749420665511984,1.6654477550715505,0.840725181731947,1.7044877120324395,2
4.199209415761011,0.8235766708066884,2.073559065859925,2.359403915701544,1
1.169552528524528,5.050381863604429,3.192232097067342,3.5344376298891285,0
1.6897488999046386,3.2994887382472924,1.8896712190007219,1.2894801074646811,3
1.6160588900232762,3.2989464225603817,1.8394611037914979,1.390211886263535,3
3.040258522816818,2.7831283817628933,2.2617703692039157,1.128036374107937,3
5.686336757401845,2.1142320581594314,3.744709830908318,3.0584706875967016,1
2.6782827776360434,2.5127177836022874,1.7234897171037717,1.4435217896708352,3
2.4810409316567323,4.590640206473764,2.934329199318164,4.427264749108735,0
3.4263293215585096,1.185107434994631,1.2008292741282092,2.4860208819291447,1
1.6058374337610837,2.7169250090475305,1.0350262197686086,1.4650960828644677,2
1.5453427747345265,5.40573674269548,3.4598206008895906,4.328423884178247,0
0.37230801040790235,4.369135884575564,2.4359279692450406,3.051609955672812,0
3.0025311550552662,1.8731848743450672,1.4800171945848386,1.1814203221377353,3
3.620715548024442,2.385639949329526,1.9627610646738003,3.5015800257608256,2
1.705714445939034,2.919497880058264,1.1957375516720112,2.2173899786866924,2
0.3218986133982284,4.212571701813969,2.318265942169484,2.7705069666388935,0
0.846630480747555,4.900164712335341,2.9378035258190818,3.6835148796871477,0
4.260313203414759,1.445676814419654,2.0803458755265734,3.4539810090174803,1
4.229344626175413,0.7987597888308123,2.0075259866145245,2.776064665441155,1
2.6135488751868925,1.7043743943683007,0.6908025629316051,1.4986556977536882,2
1.1527922538150142,5.2620340136907515,3.334384728250015,3.851211424908392,0
2.517132944310044,2.0340780410649524,0.5618835851548247,2.4551315805134006,2
0.3962115103168949,4.280851641683573,2.31995024025502,3.1318853590448343,0
3.541680206083512,2.7206154022942957,2.575590273861706,1.0886999972210023,3
2.0752626395408815,2.87488519001073,1.1730356540726157,2.9479785511527004,2
0.4898603264418532,3.778193411391426,1.8367449668488156,2.6112102912425104,0
3.5079675590775072,2.5023381410622028,2.426491901575646,0.9237651396498417,3
3.919481923010767,1.3359699057083758,1.9059065391402465,2.5029122125551377,1
0.7270868070111548,3.789256084954869,1.9541023005644178,2.34797944566874,0
2.27698876635885,2.044309836655128,0.23511618303744464,2.064315055029332,2
0.7051828383352724,4.618482062453881,2.743951251535222,3.0877210997667976,0
0.8187280542738042,4.839781908350086,2.8863688920738215,3.6208194976807526,0
3.06954852755404,1.6923127947475862,1.1781556604085128,2.174447545466885,2
2.8942449581369636,2.0186313791988986,1.440669612498074,1.601098046857357,2
2.6056551190630075,2.63581839786437,1.4881603582805092,2.530386109803545,2
3.319549909221113,1.2466235608173755,1.3172599903827156,1.742007678961906,1
5.186537295399662,2.2351267338433782,3.080494073086346,4.449171694007681,1
1.3663863658018676,2.974674898498392,1.1705565418194976,1.89226086627345,2
5.3669139611766274,1.3049525879005255,3.206614365089839,3.100069123111973,1
2.6509561050721184,1.8734405308064705,0.7985030040418509,2.075810960013006,2
1.1021369202211884,4.447647748253546,2.563389444132889,3.4313938978249254,0
2.0707546277778226,2.5512221956671675,1.2232083421389828,1.3912326322562192,2
0.9621302433524246,4.127290940267739,2.393049877744033,2.382219422161122,0
1.6223682611915256,2.5982715887065586,0.7391253710381577,1.7359581067939889,2
1.055166539484539,4.08117198726042,2.385670966319511,2.2571660195440377,0
1.1060832802483351,4.151224647622588,2.466019373311165,2.3219861537004785,0
2.0963574154109876,2.3472420405766146,0.8931447215864146,1.6496799403987161,2
2.1080453391471723,4.468778565020327,2.714620135480632,4.187712677293142,0
0.6257607398700717,4.444378460184119,2.5280533620841927,3.16663494814983,0
1.1998810038062497,3.3931614519168303,1.4756788112407522,2.6711337049143498,0
1.4702442159973703,3.59175470505761,1.7489469467054515,3.042694490409332,0
4.134320435399999,0.6085257896399767,1.9018165433723573,2.5824062536283106,1
1.3622260897317575,5.537843404704503,3.633088114630988,3.9343673861642188,0
2.7016419609726934,2.5033899565327564,1.8183859663052548,0.28830957024978254,3
2.2868141143980156,2.4512212256690624,0.825909716144563,2.7083826928083767,2
6.711229285910747,4.932227133102027,5.163214265123082,6.881450912142847,1
2.6506747334740037,1.5832750287307438,0.41872113178101883,1.7736077292372614,2
1.1927191859052213,3.292005905432855,1.5810459849899678,1.7439706401602673,0
5.3669139611766274,1.3049525879005255,3.206614365089839,3.100069123111973,1
0.28592193625250195,4.381242453339812,2.47162017432509,2.9346628140813085,0
2.0959979464262424,2.4618943137088856,0.8065758560349054,2.3146652914958152,2
0.46451666578562256,3.897684283172023,1.9786811873475556,2.6497774433216263,0
4.619797132226544,0.7794210285269402,2.336829283497035,3.1720644423521644,1
4.098390738712513,1.7108418591526173,2.438996343915996,1.4518855550764087,3
1.0852653272864365,4.0193732499344685,2.2526590683162264,2.5890329693359666,0
2.5884489412090868,1.9577469202399704,0.6032136802563118,2.4119431916698204,2
2.0197554196456395,2.4279047192107455,0.7056032647306362,2.1594965119916023,2
1.783240885699318,5.971413472430165,4.0159127026444805,4.557137762280195,0
2.6163251271937487,1.7507278639324775,0.6900916927402304,1.742057310808929,2
3.245524743151942,1.7598462165194508,1.5311761958601602,1.9754965310122128,2
0.5851628897687418,4.4254770341535545,2.460648877437983,3.3286277598801095,0
0.3064458812871441,4.090542278730711,2.2007937320736133,2.634740033923968,0
3.6091098543860443,0.6300476859935482,1.3569690836197488,2.1007841590535428,1
3.2238363994640284,1.3782407601971178,1.174248102841714,2.1624430057668427,2
0.8243229077188041,4.808137938186968,2.915429393445525,3.349879484220926,0
3.6102857479742454,1.3144324502502014,1.4151347475587122,2.864382498759009,1
2.3677365723286523,2.150766385096986,0.5814141776377664,2.3295603632970505,2
1.5916630447599067,3.16409818699854,1.3592052553003267,2.644512611766861,2
2.7724453345603584,1.5258699089730285,0.5405596191745258,1.9505105781249412,2
2.0327063972621446,2.2759769165991037,0.6856503727606276,1.5218215767785785,2
1.3705505263371245,4.458227981479231,2.5428003461144986,3.803246109864645,0
1.8974966999372265,2.7789686908291578,0.9566369387330893,2.697471781550525,2
4.249120381669005,0.6677366842669117,2.1521076819679656,2.067153649250231,1
1.336536623487831,4.460498485793082,2.827549391783487,2.4524163767122436,0
3.6036207563837426,0.8622025472674477,1.5453469134535527,1.60162290393842,1
1.6988297820281781,4.245107789206778,2.7626495196084484,2.140690820927531,0
2.9041253902875384,1.8836702200417064,0.9365841618229741,2.687852573002453,2
4.105644691408554,0.6778081727715046,1.8844975194975773,2.565142638739552,1
3.9139785266888474,2.2868351683969106,2.599727631500457,1.1316221856445023,3
5.577944084122954,1.5587533755443181,3.408966948692697,3.403543408060278,1
1.3329855298739897,3.624587655779329,1.7199565908065106,3.1157055639657143,0
0.8166694628112874,4.6853049034797625,2.8636733844759084,2.9441402867649256,0
1.0900173963409403,4.135007695659441,2.4474022895069183,2.2697917612935887,0
0.5701171451917256,4.289119242402866,2.3224144750633204,3.238173805975079,0
2.2046925374210864,2.1591890724738967,0.30434332497929517,2.1813764564652556,2
0.46104471510764305,3.958899897602441,2.06532865452894,2.5886910269738603,0
3.5938616681559328,1.666267930718752,1.6120595727771971,2.828392971419461,2
2.3838675321538063,2.5401003066691903,1.2104360833551675,2.4290180164359905,2
2.907177126878215,1.5217822447171654,0.9616105290071738,1.6352782167110482,2
1.1756539251009699,4.6294921917059355,2.685315182398661,3.7712202941099147,0
1.2220876593191947,4.502963058458771,2.772664284410833,2.8550177752620725,0
1.2111771652987253,3.9131286975911355,2.0995807191643805,2.86615579451163,0
2.205583077202019,2.553116016898116,1.2326127417215242,1.7790014219727037,2
2.543501094299829,2.0473056843557473,1.1236633200558854,1.1998009887623033,2
2.9619703993330844,1.339109803878739,0.715757135592916,1.9861796218498016,2
2.904234011534272,1.633460313297263,1.157498113684417,1.3157291456127156,2
